therapist_id,name,v0,v1,v2,v3,v4,v5,v6,v7,v8,v9,v10,v11,v12,v13,v14,v15,v16,v17,v18,v19,v20,v21,v22,v23,v24,v25,v26,v27,v28,v29,v30,v31,v32,v33,v34,v35,v36,v37,v38,v39,v40,v41,v42,v43,v44,v45,v46,v47,v48,v49,v50,v51,v52,v53,v54,v55,v56,v57,v58,v59,v60,v61,v62,v63,v64,v65,v66,v67,v68,v69,v70,v71,v72,v73,v74,v75,v76,v77,v78,v79,v80,v81,v82,v83,v84,v85,v86,v87,v88,v89,v90,v91,v92,v93,v94,v95,v96,v97,v98,v99,v100,v101,v102,v103,v104,v105,v106,v107,v108,v109,v110,v111,v112,v113,v114,v115,v116,v117,v118,v119,v120,v121,v122,v123,v124,v125,v126,v127
1,user_1,0.320691,-0.980195,-1.913707,-0.848809,0.595333,-1.077921,-0.253458,-0.081864,0.046374,0.139512,0.427386,0.095183,-0.275404,-1.781393,0.416381,0.623078,0.764042,-0.413445,0.264996,-1.183864,-0.566419,0.069692,-1.064287,0.231774,0.527980,-0.159415,0.306940,0.548776,0.238829,0.468358,0.742722,0.408393,0.771676,-0.609292,0.300701,-0.298022,-0.179567,0.486435,0.236916,-0.340660,0.057524,1.255021,0.467456,-0.350876,-0.508551,-0.917347,0.020642,-0.038196,-0.351094,0.769291,-0.134662,-0.152081,0.809099,-0.452327,0.022698,0.102063,0.087792,0.308414,-0.372765,-1.388322,-0.314313,-0.734979,-0.867980,1.555196,0.690760,0.709235,0.173126,-0.262031,0.155421,-1.111599,0.847839,-1.203678,-0.229756,-0.864136,0.183938,0.013480,0.403612,1.207879,-0.053616,-0.970919,-0.890344,0.492210,-0.557415,-0.245389,0.431250,-0.722556,0.212646,-0.582221,-1.001051,1.301612,0.384889,-0.072602,-0.702791,0.519974,0.323237,-0.114497,-0.691706,-0.285057,-1.700334,-0.012875,-0.100022,0.499348,1.347267,-0.945923,-0.278413,0.518647,0.155237,-0.289351,-0.478786,-0.178914,-0.117902,1.232449,0.371639,0.568475,0.173233,0.076062,-0.317096,-0.080958,0.132199,0.518209,0.217061,-0.411464,0.680371,0.752359,0.820488,-1.298292,-0.003926,-0.364545
1,user_1,0.835851,-1.119167,-1.189058,-1.271278,0.263336,-1.234645,-0.294763,-0.856509,0.105586,-0.171913,1.111951,-0.529468,-0.534756,-1.832428,0.164433,0.948382,1.295023,-0.332478,-0.331579,-0.855693,-0.044748,-0.196359,-1.574353,-0.649937,1.149800,0.050723,0.195240,0.885550,0.173304,0.397819,0.437231,1.375142,-0.057254,-0.216974,0.314124,0.245215,-0.197218,0.841321,-0.304039,0.185473,0.489889,1.126640,1.056385,-0.460308,-0.879781,-0.750462,0.025025,0.040258,-0.600660,0.395812,-0.115756,-0.920883,0.501433,-0.215434,0.256394,-0.790040,-0.022624,0.107100,-0.007368,-1.510391,0.097950,-0.302998,-1.210025,2.473944,0.817324,1.437258,0.469581,-0.520059,1.211793,-1.132311,0.773654,-1.760751,-0.269744,-0.425621,0.537110,1.075792,0.651342,1.249138,0.141832,-0.890566,-0.599438,0.649052,-1.096227,-0.177759,1.228586,-1.155110,0.289163,-1.153953,-1.404134,2.047433,0.522177,-0.191391,0.151852,0.333439,0.011345,0.780762,-0.509715,0.650721,-1.636806,-0.188762,-0.513014,-0.216668,1.072418,-1.277319,-0.435475,1.021446,-0.058317,0.608430,-0.925911,-0.436160,0.343813,1.189520,0.380543,0.116034,0.134091,0.621214,-0.562222,-0.147753,-0.210189,0.550483,0.971253,-0.623578,0.469493,0.468838,0.877622,-1.323013,-0.454749,-0.560511
1,user_1,0.621627,-1.013643,-1.304734,-0.839666,0.211440,-1.348091,-0.297926,-0.957054,0.203308,0.073506,1.104997,-0.545020,-0.475969,-2.007918,0.160400,1.049585,1.273094,-0.485098,-0.244059,-0.958907,-0.358043,-0.367282,-1.481518,-0.474158,0.970955,0.078179,0.393736,1.170273,0.011553,0.388646,0.544752,1.252532,0.127216,-0.394967,0.205483,0.256691,-0.665880,1.112072,0.266902,0.429655,0.265993,1.267974,0.885330,-0.393959,-0.610422,-0.514123,-0.199024,0.081531,-0.606644,0.204813,-0.104307,-0.577129,0.525417,-0.173737,0.185990,-0.361637,0.168198,0.308126,-0.172309,-1.584572,0.232227,-0.359940,-1.467210,2.296651,0.975440,1.032962,0.484915,-0.640770,0.809229,-1.241364,0.603121,-1.658290,-0.157692,-0.435528,0.556041,1.139106,0.586710,1.535851,0.014034,-0.899297,-0.290801,0.405246,-1.067420,-0.190523,0.867244,-1.382381,0.315764,-1.235983,-1.888190,1.627817,0.599681,-0.162635,0.083554,0.449312,0.028858,0.486366,-0.955660,0.563946,-2.061678,-0.457620,-0.619071,0.097558,0.826582,-1.570058,-0.298188,0.853050,-0.197690,0.288136,-0.950626,-0.527868,0.362865,1.437628,0.143048,0.277208,-0.032373,1.177500,-0.712430,-0.303829,-0.494662,1.093530,0.680013,-0.807827,0.653170,0.518736,1.154397,-1.588728,-0.110068,-0.531637
1,user_1,0.564870,-1.131035,-1.411458,-0.955438,0.199329,-1.432018,-0.342894,-0.925500,0.161038,0.063808,1.253183,-0.542400,-0.324518,-1.982725,0.152117,1.072311,1.280575,-0.526835,-0.301861,-1.000686,-0.350515,-0.364708,-1.336413,-0.388563,1.033629,0.045394,0.482564,1.203124,0.047736,0.208852,0.445938,1.383449,0.304407,-0.435517,0.238210,0.305562,-0.571478,1.154574,0.278529,0.288711,0.288842,1.253364,0.872008,-0.486191,-0.690944,-0.641834,-0.163086,-0.050337,-0.597863,0.328175,-0.149991,-0.685568,0.480509,-0.157932,0.179073,-0.251655,0.087010,0.252937,-0.133423,-1.600260,0.176132,-0.360657,-1.455941,2.190622,0.941801,1.036880,0.479881,-0.525198,0.903623,-1.225161,0.404040,-1.517262,-0.316322,-0.465770,0.490448,1.039979,0.537346,1.285535,0.000722,-1.044809,-0.274110,0.452678,-1.081253,-0.091576,1.036889,-1.304093,0.393613,-1.114103,-1.805801,1.669398,0.615079,-0.230540,0.163819,0.423388,-0.014295,0.587263,-0.935842,0.532538,-2.029711,-0.508255,-0.658952,0.031096,0.983270,-1.675156,-0.272238,0.882724,-0.109365,0.328784,-0.868734,-0.455562,0.447504,1.428582,0.128726,0.309040,-0.024056,1.085326,-0.651553,-0.305299,-0.445317,1.053741,0.667738,-0.705276,0.744370,0.629634,1.220229,-1.578733,-0.110516,-0.503905
1,user_1,0.502933,-1.167937,-1.412546,-0.963220,0.238961,-1.640279,-0.287895,-1.042998,0.198213,0.108844,1.485316,-0.642788,-0.359206,-2.169189,0.237854,1.282678,1.246384,-0.538929,-0.398720,-1.193139,-0.443844,-0.410318,-1.407629,-0.381138,1.050855,0.008492,0.706249,1.213641,-0.040314,0.324683,0.387411,1.440274,0.302640,-0.294426,0.180707,0.390584,-0.568092,1.229451,0.195752,0.313642,0.432040,1.240389,0.848151,-0.339138,-0.762063,-0.706215,-0.049273,-0.261033,-0.532324,0.261826,-0.275705,-0.871466,0.441414,-0.087024,0.153575,-0.339858,0.165297,0.371101,-0.247575,-1.698227,0.188589,-0.404191,-1.596673,2.222014,1.031985,1.022238,0.404862,-0.582653,0.853162,-1.242988,0.438898,-1.560166,-0.344494,-0.420585,0.583691,1.137353,0.565184,1.464641,0.030510,-0.996880,-0.334763,0.412593,-1.107168,-0.138913,1.047686,-1.282171,0.397723,-1.061327,-1.907574,1.688620,0.634727,-0.293709,0.268017,0.424630,0.042931,0.520033,-1.164816,0.580802,-2.073866,-0.587987,-0.712069,0.073129,0.908691,-1.816506,-0.067344,0.977033,-0.182989,0.382417,-0.996232,-0.448370,0.505717,1.466737,0.079191,0.333947,-0.167879,1.223197,-0.668983,-0.547493,-0.583113,1.265445,0.656192,-0.777752,0.732196,0.594737,1.237355,-1.606294,-0.127851,-0.463887
1,user_1,0.439278,-1.317629,-1.531132,-0.758330,0.201918,-1.641766,-0.390899,-1.091997,-0.164304,0.370337,1.171306,-0.506059,-0.297255,-2.173165,0.495781,1.321088,1.689707,-0.402968,-0.497818,-1.253631,-0.346299,-0.714472,-1.358109,-0.700208,1.479377,0.000251,0.612053,1.441186,-0.018488,0.317486,0.545424,1.395961,0.584491,-0.327766,0.281357,0.252241,-0.194858,1.189777,0.057375,0.276070,0.562279,1.414735,0.958512,-0.345997,-0.549877,-0.649715,-0.102856,0.082253,-0.527602,0.145457,-0.230435,-0.833623,0.268691,0.024563,0.426057,-0.242104,0.315658,0.225670,0.119709,-1.663300,0.448342,-0.436100,-1.669466,2.352011,1.078112,1.060744,0.288417,-0.671320,0.831811,-1.401264,0.464904,-1.538678,-0.296826,-0.154568,0.807118,1.137631,0.833733,1.368951,0.311039,-0.875478,-0.551360,0.799532,-1.208423,-0.175039,1.163920,-1.328766,0.435395,-1.212818,-2.044299,2.199334,0.128015,-0.036184,0.379711,0.443513,-0.073495,0.372437,-0.775711,0.864436,-2.284880,-0.381129,-0.600948,-0.265930,0.633239,-1.662796,-0.100955,1.094107,-0.373067,0.276451,-0.872423,-0.172550,0.069274,1.688192,0.199307,-0.029450,-0.082014,0.980532,-0.726034,-0.603629,-0.342245,0.987769,1.166143,-1.027540,0.648863,0.815987,1.165426,-1.394997,0.000928,-0.321769
1,user_1,0.681954,-1.064866,-1.327722,-0.973817,0.110024,-1.499692,-0.337460,-1.088177,0.049493,0.210630,1.314192,-0.623495,-0.521600,-2.103459,0.368662,1.220091,1.621662,-0.377626,-0.336669,-1.134835,-0.379000,-0.604437,-1.323529,-0.618715,1.330813,0.058254,0.606590,1.334902,-0.076446,0.411704,0.500216,1.432635,0.428122,-0.264214,0.238702,0.313291,-0.417002,1.157956,0.091382,0.450852,0.369446,1.171429,0.853435,-0.283182,-0.546679,-0.652468,-0.246195,-0.001438,-0.510741,0.096998,-0.170644,-0.883878,0.335759,-0.023219,0.361792,-0.266264,0.378813,0.274837,-0.138330,-1.741457,0.328113,-0.332197,-1.479492,2.379756,1.072755,1.069408,0.363228,-0.696710,0.819428,-1.241668,0.473286,-1.589426,-0.084115,-0.310774,0.648689,1.126065,0.623208,1.255809,0.203102,-0.877536,-0.325568,0.694467,-1.144402,-0.167212,1.142298,-1.371795,0.299826,-1.249829,-1.899063,2.014121,0.349944,-0.113374,0.248354,0.395716,-0.054161,0.402031,-0.882345,0.775042,-2.298474,-0.519335,-0.587368,-0.161404,0.686802,-1.608817,-0.118208,1.026372,-0.377708,0.343727,-0.845379,-0.393891,0.131563,1.553908,0.155568,0.154482,-0.065070,1.020728,-0.706821,-0.601901,-0.211573,1.047630,1.001848,-0.849687,0.634805,0.609169,1.221587,-1.493392,-0.033632,-0.418177
1,user_1,0.447602,-1.119824,-1.317111,-0.838045,0.059201,-1.350518,-0.368004,-1.123039,-0.091368,0.193935,1.073847,-0.520509,-0.406563,-2.037206,0.376679,1.100543,1.395331,-0.316463,-0.314341,-0.945485,-0.167569,-0.643854,-1.490064,-0.750145,1.033775,-0.061928,0.447106,1.244844,-0.109104,0.542495,0.665206,1.477808,0.565149,-0.327272,0.279403,0.145197,-0.318129,0.867613,0.170042,0.258991,0.523376,1.293394,0.989500,-0.361143,-0.508051,-0.602821,-0.238369,0.245760,-0.673435,0.107084,0.019892,-0.718781,0.363352,-0.032845,0.371397,-0.292223,0.142023,0.261834,-0.097439,-1.724187,0.441462,-0.213354,-1.633739,2.519844,1.048883,1.098315,0.505074,-0.640019,0.844405,-1.196417,0.693221,-1.699140,-0.062193,-0.191864,0.576122,1.201123,0.805599,1.292160,0.122257,-0.857551,-0.345847,0.746769,-1.125913,-0.028318,1.220780,-1.567824,0.395677,-1.230888,-2.078173,1.790991,0.113158,-0.006962,0.178688,0.605635,-0.131592,0.386040,-0.690916,0.801059,-2.288895,-0.452538,-0.688113,-0.246317,0.622131,-1.497127,-0.411970,0.964705,-0.200827,0.254872,-0.808935,-0.179016,-0.011241,1.521861,0.187982,0.013529,-0.167118,1.128604,-0.589610,-0.512858,-0.540104,0.928936,1.014487,-0.839246,0.896139,0.704711,1.285008,-1.524266,-0.088985,-0.242247
1,user_1,0.540534,-1.397774,-1.035928,-1.290806,0.272022,-1.839769,-0.399418,-1.068316,0.087579,0.028115,1.340766,-0.778710,-0.743147,-2.133827,0.255801,1.168378,1.575206,-0.125521,-0.377103,-1.263972,0.023081,-0.693625,-1.508191,-0.733448,1.350209,-0.050898,0.683193,1.073083,-0.154631,0.536286,0.218300,1.739375,0.119618,0.057309,0.278160,0.228887,-0.173774,1.284499,-0.190830,0.180676,0.766296,0.975366,0.979237,-0.054217,-0.913741,-0.615659,-0.113024,-0.193636,-0.649964,0.088022,-0.378465,-1.039259,0.460013,-0.061198,0.574600,-0.731167,0.180612,0.288619,-0.237635,-1.870975,0.323042,-0.169014,-1.736365,2.659417,0.904790,1.398277,0.257293,-0.857601,1.076069,-1.146819,0.674153,-1.824463,-0.210130,-0.272742,0.427806,1.112252,0.609363,1.188348,0.339591,-1.025121,-0.328889,0.534123,-1.126930,-0.054249,1.318171,-1.241834,0.450701,-1.223457,-1.959523,2.132610,0.316386,-0.129107,0.145619,0.404149,0.119583,0.383239,-0.470623,0.743869,-2.014559,-0.474928,-0.693951,-0.155355,0.658056,-1.515089,-0.053342,1.225341,-0.133716,0.327811,-1.076258,-0.341941,0.205167,1.178804,0.385482,0.053791,-0.371930,0.833940,-0.707343,-0.510038,-0.377112,0.813000,0.918011,-0.586422,0.460078,0.534453,0.954329,-1.269425,-0.163092,-0.404368
1,user_1,0.655252,-1.216086,-1.065376,-1.321496,0.395962,-1.841270,-0.468971,-1.010062,0.001308,0.221417,1.416062,-0.607312,-0.751577,-2.116833,0.426369,1.167277,1.746927,0.052951,-0.371866,-1.221993,-0.198461,-0.827437,-1.239953,-0.721140,1.273360,-0.039657,0.645475,1.203630,-0.367276,0.387815,0.302814,1.654062,0.159069,-0.028719,0.273589,0.194254,-0.053237,1.109634,-0.208608,0.251480,0.530670,0.827631,1.102853,-0.003468,-0.691919,-0.647136,-0.151540,-0.209801,-0.469373,0.198725,-0.475430,-1.135370,0.347345,0.035728,0.577727,-0.640033,0.114823,0.356596,-0.195012,-1.908438,0.298823,-0.149957,-1.418396,2.735522,0.895846,1.327680,0.058071,-0.845946,1.237303,-1.168877,0.430451,-1.755852,-0.077943,-0.131568,0.383709,0.954553,0.503877,0.899617,0.434480,-1.116052,-0.275026,0.530332,-1.225748,0.017924,1.317071,-1.369972,0.341470,-1.262081,-1.931914,2.262321,0.124821,-0.147776,0.104723,0.285348,0.056343,0.282069,-0.524047,0.777166,-2.131166,-0.508309,-0.733849,-0.100578,0.680014,-1.532931,0.007148,1.225100,-0.241064,0.248343,-1.144298,-0.465298,0.232983,1.453878,0.346830,0.137222,-0.211082,0.930262,-0.702693,-0.622225,-0.173990,0.930627,0.795316,-0.750352,0.509619,0.630767,0.804538,-1.382607,0.012645,-0.377150
1,user_1,0.609570,-1.089829,-1.285991,-0.990470,0.148020,-1.674014,-0.457871,-1.021865,-0.069013,0.308176,1.215649,-0.553160,-0.483615,-2.077537,0.508321,1.281055,1.677455,-0.240184,-0.361064,-0.977252,-0.193575,-0.755966,-1.421779,-0.606502,1.236048,0.001613,0.656235,1.342193,-0.175996,0.512116,0.451684,1.586635,0.317953,-0.158685,0.214490,0.135859,-0.258852,0.943501,0.099171,0.242212,0.577104,1.057270,1.003731,-0.268695,-0.514824,-0.562473,-0.149015,-0.061637,-0.622826,0.179695,-0.278028,-0.879254,0.288665,0.085721,0.478168,-0.501061,0.255463,0.231341,0.001300,-1.788243,0.454197,-0.192263,-1.393196,2.561267,1.003830,1.160487,0.297880,-0.971953,0.872696,-1.151578,0.582167,-1.739270,0.132155,-0.008529,0.543155,0.990560,0.710561,1.142813,0.480027,-0.960442,-0.318548,0.654543,-1.112901,-0.051641,1.298599,-1.389672,0.377722,-1.338750,-2.031963,2.090677,0.138441,0.016918,0.125738,0.417838,0.019828,0.235917,-0.501179,0.871336,-2.427916,-0.534551,-0.784192,-0.164231,0.616627,-1.371503,-0.060492,1.111362,-0.284546,0.448455,-1.024962,-0.114184,0.149110,1.448120,0.355685,0.057692,-0.232479,0.893848,-0.679754,-0.599747,-0.295847,0.744900,1.034355,-0.786765,0.632507,0.629452,0.998587,-1.436462,-0.037870,-0.448298
1,user_1,0.525329,-1.234145,-1.274096,-1.093893,0.194788,-1.723927,-0.408566,-1.051453,0.033243,0.182163,1.348544,-0.724680,-0.637215,-2.172654,0.350799,1.369997,1.593593,-0.267601,-0.350281,-1.287494,-0.203693,-0.598788,-1.478055,-0.598219,1.512323,0.073555,0.709035,1.185512,-0.076892,0.464853,0.323432,1.642347,0.271201,0.017789,0.353449,0.244145,-0.143759,1.350187,-0.159337,0.435311,0.673006,1.150914,0.990564,-0.156105,-0.797105,-0.632528,-0.164447,-0.098004,-0.430054,0.072268,-0.308718,-1.011325,0.422664,0.053224,0.340578,-0.522508,0.308984,0.228499,-0.173943,-1.789527,0.393739,-0.213046,-1.764219,2.600154,0.991933,1.165248,0.331227,-0.792269,1.057297,-1.250662,0.688909,-1.789098,-0.220046,-0.152562,0.713803,1.026832,0.838645,1.416638,0.224368,-0.913773,-0.377352,0.571968,-1.199741,-0.169887,1.205682,-1.192764,0.465103,-1.254626,-2.083042,2.189685,0.254690,-0.219636,0.326388,0.313398,0.081329,0.406517,-0.633393,0.813310,-2.107445,-0.389950,-0.758996,-0.156435,0.677555,-1.534002,-0.050629,1.155189,-0.327540,0.381703,-1.066879,-0.356193,0.220491,1.297071,0.247446,0.103388,-0.280552,0.925826,-0.695972,-0.617165,-0.363168,0.951254,1.050026,-0.909746,0.453592,0.599077,1.036736,-1.312729,-0.131112,-0.272893
1,user_1,0.434554,-1.210015,-1.422253,-0.971464,0.307892,-1.896389,-0.619501,-0.943388,-0.040340,0.437227,1.270825,-0.484436,-0.523239,-2.114758,0.507351,1.413543,1.826388,-0.211592,-0.554335,-1.192266,-0.368369,-0.821370,-1.239758,-0.575164,1.412046,-0.131576,0.727961,1.333858,-0.143166,0.408070,0.423870,1.402604,0.544152,-0.196292,0.260178,0.164873,-0.144660,1.290609,0.035099,0.383711,0.635725,1.032978,0.882432,-0.069003,-0.515546,-0.664020,-0.266167,-0.169986,-0.296208,0.167585,-0.427963,-0.959105,0.321080,-0.103093,0.499294,-0.318308,0.336588,0.127154,0.100564,-1.743153,0.468721,-0.198010,-1.651107,2.495600,0.971395,1.083267,0.061563,-0.901578,1.048733,-1.479081,0.196429,-1.622439,-0.088807,-0.131881,0.744567,0.851774,0.680783,1.050972,0.513481,-1.138991,-0.369884,0.641584,-1.197767,-0.021494,1.264812,-1.298664,0.355946,-1.122646,-2.234198,2.467006,0.042953,0.053087,0.254221,0.300049,0.006354,0.113818,-0.458702,0.848227,-2.353398,-0.418076,-0.778851,-0.128797,0.502576,-1.465073,0.199359,1.058107,-0.259318,0.312781,-1.197255,-0.280983,0.340022,1.570070,0.297846,0.030201,-0.249189,0.888820,-0.622585,-0.570296,-0.137940,0.987125,1.126458,-1.006299,0.369823,0.696632,0.811097,-1.482164,-0.089798,-0.307655
1,user_1,0.571747,-1.002670,-1.446396,-0.868587,0.135231,-1.327057,-0.430784,-1.055627,-0.061411,0.228340,1.097306,-0.446312,-0.307046,-2.145874,0.473533,1.201223,1.458448,-0.313819,-0.250346,-0.905376,-0.159114,-0.633130,-1.452829,-0.676194,1.054576,-0.065045,0.434586,1.362941,-0.201542,0.478943,0.685235,1.547838,0.618398,-0.336929,0.318853,0.061152,-0.290292,0.791017,0.177652,0.308436,0.383466,1.299544,1.052148,-0.417704,-0.529738,-0.573424,-0.252301,0.211454,-0.678925,0.126008,-0.000041,-0.734848,0.309861,0.104439,0.427553,-0.272813,0.062921,0.225195,-0.109617,-1.753458,0.458982,-0.171618,-1.477627,2.512419,1.050243,0.943238,0.459100,-0.675578,0.855354,-1.247647,0.710857,-1.730720,-0.085575,-0.103583,0.555234,1.160963,0.818731,1.285663,0.202847,-0.960640,-0.202304,0.684164,-1.211481,0.000615,1.236279,-1.677979,0.400662,-1.369300,-2.084709,1.717436,0.049250,-0.094480,0.118596,0.510052,-0.145915,0.395123,-0.745972,0.742726,-2.394734,-0.478797,-0.725979,-0.176547,0.610881,-1.550768,-0.446216,0.953733,-0.288319,0.155792,-0.845905,-0.153575,-0.026832,1.576510,0.170067,-0.013025,-0.159131,1.157404,-0.693948,-0.582381,-0.528788,0.964441,0.929046,-0.891798,1.007888,0.802881,1.362061,-1.535656,-0.010180,-0.250573
1,user_1,0.437902,-1.483593,-1.259539,-1.020800,0.285431,-1.874699,-0.477997,-1.019301,0.107536,0.211814,1.275853,-0.876586,-0.833726,-2.185887,0.174861,1.120824,1.689500,0.023970,-0.498955,-1.367555,-0.008512,-0.686581,-1.422427,-0.922445,1.342016,-0.227280,0.690887,1.159275,-0.329597,0.558680,0.342160,1.733944,0.327274,0.023626,0.345831,0.178167,-0.068602,1.186815,-0.435848,0.169091,0.559279,0.967928,1.043553,-0.023955,-0.710450,-0.673964,-0.176601,-0.059301,-0.500972,0.086106,-0.306541,-1.185657,0.334372,-0.075860,0.561005,-0.625121,0.011105,0.388576,-0.318706,-2.147212,0.201082,-0.073751,-1.798464,2.776717,0.896899,1.375982,0.074623,-0.718722,1.105547,-1.374553,0.753560,-2.011305,-0.141147,-0.372318,0.530279,1.100922,0.783364,1.204657,0.306248,-0.989203,-0.333106,0.604573,-1.204553,-0.010161,1.208561,-1.319725,0.332313,-1.232607,-2.039162,2.171835,0.192947,-0.131005,0.050116,0.566030,0.031845,0.272143,-0.548048,0.792183,-2.062326,-0.288167,-0.674890,0.007276,0.691991,-1.650468,-0.134321,1.169751,-0.072862,0.150246,-1.157305,-0.433487,0.157113,1.308377,0.214525,0.156328,-0.365369,0.997125,-0.600471,-0.672388,-0.606431,0.986749,0.884306,-0.727193,0.448088,0.630578,0.897599,-1.275634,-0.092928,-0.207045
1,user_1,0.460747,-1.328032,-1.268623,-0.938150,0.025968,-1.540551,-0.373122,-1.172310,-0.104536,0.297007,1.033656,-0.723161,-0.441751,-2.244170,0.326854,1.195758,1.429497,-0.302190,-0.376477,-1.286771,-0.108304,-0.629642,-1.587231,-0.722726,1.307982,-0.026156,0.558474,1.345970,-0.132784,0.537913,0.579093,1.629238,0.429245,-0.225540,0.326474,0.038253,-0.254075,1.165094,0.068475,0.251682,0.469546,1.345193,0.986577,-0.311790,-0.569793,-0.665123,-0.065776,0.150372,-0.543177,0.060444,-0.180742,-0.896689,0.353742,-0.018202,0.379586,-0.386328,0.170181,0.243469,-0.124364,-1.681243,0.427506,-0.294056,-1.794011,2.482834,0.938919,1.098971,0.371109,-0.694450,0.892700,-1.294749,0.675827,-1.804075,-0.176062,-0.349600,0.713949,1.180083,0.735340,1.443053,0.210478,-0.844930,-0.320053,0.538587,-1.204509,-0.025819,1.147003,-1.355641,0.484915,-1.317098,-2.049588,1.942717,0.215463,-0.129354,0.134354,0.482394,0.051139,0.514708,-0.881411,0.703862,-2.105100,-0.451945,-0.569989,-0.062623,0.650678,-1.785375,-0.266608,1.003141,-0.425790,0.247237,-0.903109,-0.282281,0.038819,1.300969,0.005134,0.066932,-0.279230,1.145299,-0.740587,-0.605900,-0.791589,1.066213,1.058328,-0.958588,0.655641,0.800757,1.166697,-1.431269,-0.046183,-0.389421
1,user_1,0.627662,-1.271050,-1.359330,-1.071465,0.256137,-1.621999,-0.575968,-0.853476,0.110524,0.180927,1.129525,-0.615269,-0.634369,-2.138024,0.288430,0.998669,1.527946,-0.186953,-0.371103,-1.196980,-0.199363,-0.622698,-1.419693,-0.564408,1.173859,-0.104943,0.530035,1.222052,-0.176235,0.409589,0.458973,1.568537,0.270659,-0.105040,0.398188,0.154766,-0.301196,0.953958,-0.091133,0.351792,0.441898,0.980688,0.971717,-0.303485,-0.576114,-0.721482,0.034011,0.032584,-0.428764,0.174968,-0.294800,-0.965650,0.397818,-0.068031,0.432003,-0.512191,-0.066724,0.233176,-0.073806,-1.775871,0.240216,-0.401313,-1.396019,2.406000,0.913134,1.241328,0.178885,-0.616818,1.110500,-1.377007,0.559648,-1.952928,-0.106735,-0.324046,0.508636,0.907411,0.741212,1.229527,0.284123,-1.055209,-0.319268,0.391145,-1.094512,-0.010647,1.146288,-1.306853,0.324268,-1.285584,-1.792052,2.155344,0.245216,-0.167806,-0.059753,0.333709,0.031865,0.470509,-0.697313,0.630664,-2.038814,-0.174172,-0.734951,0.101400,0.894685,-1.448864,-0.247900,1.122549,-0.179527,0.370472,-1.156665,-0.498214,0.329753,1.351978,0.104101,0.082545,-0.056622,0.945282,-0.632457,-0.503918,-0.332660,0.793082,0.781587,-0.836256,0.472392,0.674345,0.872357,-1.368476,-0.154610,-0.387093
1,user_1,0.484294,-1.206155,-1.462313,-0.952823,0.209901,-1.717484,-0.432610,-0.958966,-0.084014,0.204692,1.562849,-0.761541,-0.460247,-2.284484,0.446680,1.445082,1.569710,-0.354236,-0.430429,-1.206633,-0.282165,-0.628436,-1.428008,-0.630961,1.350076,-0.047933,0.625510,1.386256,-0.107231,0.497066,0.492123,1.580866,0.415942,-0.127768,0.362557,0.211883,-0.137900,1.191102,-0.022212,0.411821,0.584208,1.244971,0.964602,-0.174261,-0.790373,-0.734266,-0.055363,-0.164276,-0.323575,0.195929,-0.242266,-0.960359,0.388168,0.049547,0.382633,-0.338686,0.222644,0.322058,-0.070556,-1.694467,0.369779,-0.327809,-1.577639,2.479861,1.047327,1.023019,0.250798,-0.710387,0.943780,-1.306536,0.530181,-1.725502,-0.284811,-0.201801,0.660384,1.201138,0.753863,1.507707,0.168323,-0.890604,-0.403471,0.631040,-1.141004,-0.150461,1.239469,-1.393439,0.281300,-1.203386,-2.132999,2.030406,0.291081,-0.246167,0.148505,0.394227,-0.026267,0.373290,-0.894499,0.662888,-2.149267,-0.489773,-0.794924,-0.126436,0.695408,-1.594091,-0.069244,1.109273,-0.209559,0.414337,-1.063381,-0.326668,0.283684,1.407488,0.223727,0.099296,-0.195997,0.977010,-0.488438,-0.806243,-0.483866,1.059312,1.123917,-0.996063,0.607817,0.612463,1.000359,-1.484688,-0.222363,-0.352959
1,user_1,0.519791,-1.359857,-1.341992,-1.034281,0.343130,-1.971218,-0.122265,-1.209069,0.047766,0.240163,1.539576,-0.911335,-0.571359,-2.269515,0.215473,1.321336,1.505491,-0.227417,-0.377119,-1.420372,-0.109672,-0.560937,-1.144777,-0.736914,1.238551,0.003797,0.800965,1.139689,-0.426881,0.502154,0.321978,1.712759,0.354834,0.054479,0.350730,0.433034,-0.342717,1.286082,-0.206805,0.106273,0.382429,1.261648,0.965475,-0.016278,-0.919253,-0.669289,-0.176161,-0.259048,-0.666252,0.142487,-0.268789,-1.040934,0.224570,-0.101637,0.551222,-0.406859,0.056056,0.752468,-0.424844,-2.202896,0.148933,-0.290077,-1.752839,2.583440,1.107502,0.988969,0.048038,-0.497591,0.862248,-1.001101,0.739989,-1.644115,-0.352436,-0.489077,0.334877,1.176953,0.533584,1.252533,-0.029389,-1.175711,-0.214285,0.627268,-1.129921,0.096555,1.010068,-1.441255,0.393209,-1.341739,-2.200058,1.537745,0.446872,-0.366710,0.134803,0.554643,0.041830,0.207565,-0.930970,0.643968,-2.045744,-0.566888,-0.754250,0.098660,0.574975,-1.919181,-0.219428,1.028421,-0.102747,0.040646,-1.034095,-0.507931,0.107401,1.445549,0.391747,0.451992,-0.194206,1.278625,-0.553510,-0.915797,-0.667719,1.395180,0.832109,-0.609142,0.756344,0.503054,1.170678,-1.571449,0.055828,-0.288751
1,user_1,0.519160,-1.099716,-1.540503,-0.893772,0.456338,-1.817025,-0.444574,-0.925394,-0.098434,0.164595,1.533995,-0.566979,-0.499890,-2.440270,0.388297,1.356055,1.525945,-0.361561,-0.343573,-1.281324,-0.297501,-0.508521,-1.511800,-0.476291,1.229959,-0.035642,0.523099,1.309567,0.055771,0.409987,0.444091,1.496635,0.219284,-0.062966,0.417497,0.196354,-0.207940,1.130783,-0.168704,0.352509,0.591149,1.301538,1.005554,-0.104992,-0.851061,-0.617384,0.031851,-0.079094,-0.381678,0.308561,-0.277377,-0.828639,0.454600,0.119348,0.306418,-0.308860,0.005124,0.210707,-0.117327,-1.728025,0.257901,-0.491997,-1.453208,2.426622,0.924819,1.129853,0.133926,-0.647685,1.039576,-1.386395,0.665698,-1.873268,-0.473736,-0.113273,0.675208,1.104025,0.852364,1.680691,0.072255,-0.979616,-0.435649,0.515804,-1.288639,-0.208659,1.231956,-1.324750,0.286141,-1.227336,-2.074000,2.002184,0.231462,-0.249167,0.326162,0.386574,0.136888,0.276776,-0.755090,0.532495,-2.036677,-0.376214,-0.878847,0.029011,0.919648,-1.479076,-0.162339,1.198324,-0.162616,0.433183,-1.273976,-0.432339,0.416646,1.483277,0.210345,0.126714,-0.133901,1.075668,-0.580091,-0.730909,-0.526912,1.029506,0.858079,-0.973631,0.639374,0.570289,0.934398,-1.352413,-0.281270,-0.281094
