-- 치료사 샘플 데이터 추가
USE aitalk_web;

INSERT INTO care_center (center_id, center_name, center_number, center_address)
VALUES
    (1, '연세본언어치료센터', '0512714051', '부산 강서구 명지국제8로 30 4층'),
    (2, '두빛나래언어발달센터', '050714131314', '부산 강서구 명지국제2로28번길 3 동건프라자 4층 403호'),
    (3, '도란도란언어발달상담센터', '0519005253', '부산 강서구 명지국제2로28번길 26 퍼스트삼융 4층 401호');



-- 치료 아동 샘플 데이터 추가
INSERT INTO care_children (child_id,therapist_id, center_id, child_name, profile_image, disability_type, age)
VALUES
    (10001, 1, 3, '서연', NULL, '언어 장애', 5),
    (10002, 1, 1, '서연', NULL, '지적 장애', 2),
    (10003, 1, 3, '유준', NULL, '지적 장애', 3),
    (10004, 1, 3, '서연', NULL, '발달 지연', 4),
    (10005, 1, 2, '수아', NULL, '발달 지연', 4),
    (10006, 1, 1, '서윤', NULL, '언어 장애', 6),
    (10007, 1, 2, '준서', NULL, '청각 장애', 5),
    (10008, 1, 3, '예은', NULL, '자폐 스펙트럼', 3),
    (10009, 1, 2, '도윤', NULL, '지적 장애', 2),
    (10010, 1, 1, '하은', NULL, '언어 장애', 4),
    (10011, 1, 3, '민준', NULL, '발달 지연', 6),
    (10012, 1, 2, '수아', NULL, '자폐 스펙트럼', 5),
    (10013, 1, 1, '유준', NULL, '언어 장애', 3),
    (10014, 1, 3, '서윤', NULL, '청각 장애', 2),
    (10015, 1, 1, '준서', NULL, '발달 지연', 4),
    (10016, 1, 2, '민준', NULL, '언어 장애', 5),
    (10017, 1, 2, '서연', NULL, '지적 장애', 3),
    (10018, 1, 1, '예은', NULL, '청각 장애', 6),
    (10019, 1, 3, '도윤', NULL, '발달 지연', 2),
    (10020, 1, 2, '하은', NULL, '자폐 스펙트럼', 4),
    (10021, 1, 3, '박응애', NULL, '언어 장애', 5);

INSERT INTO treatment (treatment_id, therapist_id, child_id, treatment_date, start_time, end_time, words, sentence, conversation)
VALUES
    (1, 1, 10001, '2023-12-22', '12:27', '13:49', '["사과"]', '["강아지가 귀여워요."]', '오늘 기분이 어때?'),
    (2, 1, 10002, '2023-12-17', '12:29', '13:12', '["의자"]', '["나는 사과를 좋아해요."]', '오늘 기분이 어때?'),
    (3, 1, 10005, '2024-01-22', '11:54', '12:27', '["바나나"]', '["나는 사과를 좋아해요."]', '어제 뭐 했어요?'),
    (4, 1, 10004, '2023-12-19', '11:11', '11:51', '["사과"]', '["학교에 가고 싶어요."]', '어제 뭐 했어요?'),
    (5, 1, 10001, '2023-12-28', '11:27', '12:03', '["사과"]', '["바나나가 맛있어요."]', '오늘 기분이 어때?'),
    (6, 1, 10003, '2024-02-07', '10:45', '12:15', '["강아지"]', '["나는 사과를 좋아해요."]', '친구랑 놀았어요?'),
    (7, 1, 10002, '2024-01-14', '13:30', '14:20', '["책상"]', '["강아지가 귀여워요."]', '어제 뭐 했어요?'),
    (8, 1, 10005, '2024-01-03', '09:15', '10:00', '["의자"]', '["바나나가 맛있어요."]', '오늘 기분이 어때?'),
    (9, 1, 10004, '2023-12-30', '12:10', '13:00', '["바나나"]', '["나는 사과를 좋아해요."]', '가장 좋아하는 과일은?'),
    (10, 1, 10001, '2024-01-25', '11:05', '12:00', '["강아지"]', '["강아지가 귀여워요."]', '어제 뭐 했어요?'),
    (11, 1, 10003, '2024-01-08', '10:40', '11:35', '["사과"]', '["나는 사과를 좋아해요."]', '친구랑 놀았어요?'),
    (12, 1, 10002, '2023-12-14', '09:55', '10:45', '["학교"]', '["바나나가 맛있어요."]', '오늘 기분이 어때?'),
    (13, 1, 10005, '2024-02-01', '12:20', '13:10', '["의자"]', '["학교에 가고 싶어요."]', '어제 뭐 했어요?'),
    (14, 1, 10004, '2024-01-18', '11:15', '12:00', '["바나나"]', '["나는 사과를 좋아해요."]', '가장 좋아하는 과일은?'),
    (15, 1, 10001, '2024-01-29', '10:50', '11:40', '["강아지"]', '["강아지가 귀여워요."]', '오늘 기분이 어때?'),
    (16, 1, 10003, '2024-02-04', '09:20', '10:00', '["책상"]', '["나는 사과를 좋아해요."]', '친구랑 놀았어요?'),
    (17, 1, 10002, '2024-01-12', '13:05', '14:00', '["의자"]', '["학교에 가고 싶어요."]', '어제 뭐 했어요?'),
    (18, 1, 10005, '2024-01-05', '12:45', '13:30', '["사과"]', '["바나나가 맛있어요."]', '오늘 기분이 어때?'),
    (19, 1, 10004, '2024-02-10', '10:35', '11:25', '["강아지"]', '["나는 사과를 좋아해요."]', '친구랑 놀았어요?'),
    (20, 1, 10001, '2024-01-20', '09:30', '10:20', '["바나나"]', '["강아지가 귀여워요."]', '어제 뭐 했어요?');
